Name,Category,Research Area,Bio,Photo,LinkedIn,Google Scholar,Github,Themes
Shashank Singh,PhD Student,Plant circadian regulatory networks & mathematical modelling,Builds large-scale ODE models of the plant circadian regulatory network to understand how feedback loops and environmental inputs generate robust ~24-hour rhythms and seasonal adaptation.,,,https://scholar.google.com/citations?user=BgdFXVMAAAAJ&hl=en,,"clock, network"
Shriyansh Srivastava,PhD Student,Peripheral circadian regulatory networks,"Explores how circadian rhythms, gene networks and muscle biology intersect — from small-molecule mechanisms to the structural interplay between MYOD1 and BMAL1.",,https://www.linkedin.com/in/shriyansh-srivastava-shrey-he-him-372218126/,https://scholar.google.com/citations?user=yd78qMMAAAAJ&hl=en,,"clock, structural, network"
Karthick Sudarsanam,PhD Student,Core clock transcription factor,"Studies macromolecular structure and dynamics computationally, focused on the core clock transcription factor that regulates circadian rhythm.",,https://www.linkedin.com/in/karthik-sudarsanam-8597a21a4/?originalSubdomain=in,https://scholar.google.com/citations?user=ZkWiIsYAAAAJ&hl=en,,"clock, structural"
Yashasvi Rao,PhD Student,REV-ERB structural biology,"Uses molecular dynamics and wet-lab methods to compare ligand-bound and unbound REV-ERB isoform structures, refining how these nuclear receptors act as repressors.",,,,,"clock, structural"
Pooja Roham,PhD Student,Circadian clock as target for oral cancer,"Studies the circadian clock as a target in oral cancer, combining computational and experimental approaches toward better treatment and diagnosis.",,,,,"clock, structural"
Prithvi Gollakota,PhD Student,Tau aggregation & molecular dynamics,"Runs all-atom molecular dynamics simulations of Tau aggregation in Tauopathies, aiming to identify small-molecule modulators that disrupt aggregation pathways.",,https://in.linkedin.com/in/gollakota-prithvinath-5b912a12a,,,structural
Shreya,M.Tech Student,GPCR activation (allatostatin receptor),"Investigates the activation mechanism of the allatostatin receptor, an insect GPCR and emerging pest-control target, using molecular dynamics and docking.",,,,,structural
Bibhu Sahoo,M.Tech Student,Plant gene regulatory networks,Develops ODE and nonlinear-dynamics models of plant gene regulatory networks to understand their response to natural light and temperature.,,,,,"clock, network"
Kaushal S,M.Tech Student,REV-ERB structure & interactions,"Studies REV-ERB protein structure and interaction mechanisms, combining computational biology with drug-design approaches.",,https://www.linkedin.com/in/kaushal-s-68952025a/,,,"clock, structural"
